{"v":"5.5.2","fr":24,"ip":0,"op":32,"w":18,"h":18,"nm":"合成 1","ddd":0,"assets":[],"layers":[{"ddd":0,"ind":1,"ty":4,"nm":"形状图层 1","sr":1,"ks":{"o":{"a":0,"k":100,"ix":11},"r":{"a":1,"k":[{"i":{"x":[0.833],"y":[0.833]},"o":{"x":[0.167],"y":[0.167]},"t":0,"s":[0]},{"i":{"x":[0.833],"y":[0.833]},"o":{"x":[0.167],"y":[0.167]},"t":16,"s":[198]},{"t":32,"s":[396]}],"ix":10},"p":{"a":0,"k":[9,9,0],"ix":2},"a":{"a":0,"k":[0,0,0],"ix":1},"s":{"a":0,"k":[100,100,100],"ix":6}},"ao":0,"shapes":[{"ty":"gr","it":[{"d":1,"ty":"el","s":{"a":0,"k":[16,16],"ix":2},"p":{"a":0,"k":[0,0],"ix":3},"nm":"椭圆路径 1","mn":"ADBE Vector Shape - Ellipse","hd":false},{"ty":"st","c":{"a":0,"k":[1,0.501960784314,0,1],"ix":3},"o":{"a":0,"k":100,"ix":4},"w":{"a":0,"k":2,"ix":5},"lc":2,"lj":1,"ml":4,"bm":0,"nm":"描边 1","mn":"ADBE Vector Graphic - Stroke","hd":false},{"ty":"tr","p":{"a":0,"k":[-0.014,-0.014],"ix":2},"a":{"a":0,"k":[0,0],"ix":1},"s":{"a":0,"k":[91.118,91.118],"ix":3},"r":{"a":0,"k":0,"ix":6},"o":{"a":0,"k":100,"ix":7},"sk":{"a":0,"k":0,"ix":4},"sa":{"a":0,"k":0,"ix":5},"nm":"变换"}],"nm":"椭圆 1","np":3,"cix":2,"bm":0,"ix":1,"mn":"ADBE Vector Group","hd":false},{"ty":"tm","s":{"a":1,"k":[{"i":{"x":[0.833],"y":[0.833]},"o":{"x":[0.333],"y":[0]},"t":0,"s":[10]},{"i":{"x":[0.833],"y":[1]},"o":{"x":[0.333],"y":[0]},"t":16,"s":[100]},{"t":32,"s":[100]}],"ix":1},"e":{"a":1,"k":[{"i":{"x":[0.833],"y":[1]},"o":{"x":[0.333],"y":[0]},"t":0,"s":[9]},{"i":{"x":[0.833],"y":[0.833]},"o":{"x":[0.333],"y":[0]},"t":16,"s":[9]},{"t":32,"s":[99]}],"ix":2},"o":{"a":0,"k":-9,"ix":3},"m":1,"ix":2,"nm":"修剪路径 1","mn":"ADBE Vector Filter - Trim","hd":false}],"ip":0,"op":110,"st":0,"bm":0}],"markers":[]}